<?xml version="1.0" encoding="UTF-8"?>
<objects serializationModel="Studio.02.02.00">
	<object class="EncodingSetting" id="{6c0259d5-549a-4dbf-b06a-e453f49349b1}">
		<property name="encodingFormat">
			<value>3</value>
		</property>
		<property name="quality">
			<value>37</value>
		</property>
		<relationship name="platform">
			<destination>{1caf686a-a004-48a8-9364-f6978c4b0088}</destination>
		</relationship>
		<relationship name="encodable">
			<destination>{1caf686a-a004-48a8-9364-f6978c4b0088}</destination>
		</relationship>
	</object>
</objects>
