<?xml version="1.0" encoding="UTF-8"?>
<objects serializationModel="Studio.02.02.00">
	<object class="Event" id="{324c518e-7322-4a89-b287-7571b077039a}">
		<property name="name">
			<value>interagindopapel</value>
		</property>
		<property name="outputFormat">
			<value>1</value>
		</property>
		<relationship name="folder">
			<destination>{51822384-2ef7-4783-8c3e-b6a46f99b1ce}</destination>
		</relationship>
		<relationship name="mixer">
			<destination>{ec10cff6-012b-4331-b695-b5e3d23235d9}</destination>
		</relationship>
		<relationship name="masterTrack">
			<destination>{7ba895c8-1be2-43e0-a1f2-79c59033d0e3}</destination>
		</relationship>
		<relationship name="mixerInput">
			<destination>{3cfe625e-8536-4aa4-be94-87be3e31980f}</destination>
		</relationship>
		<relationship name="automatableProperties">
			<destination>{cdd54615-7bc0-46a0-8c80-89b8b8e40217}</destination>
		</relationship>
		<relationship name="markerTracks">
			<destination>{1c3cfed0-c55b-450e-9ff9-fb3a4b20fd12}</destination>
		</relationship>
		<relationship name="timeline">
			<destination>{33d1a242-68fc-41ca-bdfe-46a413f339c1}</destination>
		</relationship>
		<relationship name="parameters">
			<destination>{0d10dc8f-ba91-43aa-a3fc-b90d9a83df2a}</destination>
		</relationship>
	</object>
	<object class="EventMixer" id="{ec10cff6-012b-4331-b695-b5e3d23235d9}">
		<relationship name="masterBus">
			<destination>{803af90f-9356-4d43-a3b6-7a930e8eee53}</destination>
		</relationship>
	</object>
	<object class="MasterTrack" id="{7ba895c8-1be2-43e0-a1f2-79c59033d0e3}">
		<relationship name="modules">
			<destination>{40d6b740-72cd-4790-b3c1-5f106c15db39}</destination>
		</relationship>
		<relationship name="mixerGroup">
			<destination>{803af90f-9356-4d43-a3b6-7a930e8eee53}</destination>
		</relationship>
	</object>
	<object class="MixerInput" id="{3cfe625e-8536-4aa4-be94-87be3e31980f}">
		<relationship name="effectChain">
			<destination>{e5e29842-6ced-4abb-a71e-6adac04db840}</destination>
		</relationship>
		<relationship name="panner">
			<destination>{2666fee5-aff7-4d8b-9ee6-144f5d9e3c2f}</destination>
		</relationship>
		<relationship name="output">
			<destination>{8148c377-5303-4889-9a9c-0eed86747a46}</destination>
		</relationship>
	</object>
	<object class="EventAutomatableProperties" id="{cdd54615-7bc0-46a0-8c80-89b8b8e40217}" />
	<object class="MarkerTrack" id="{1c3cfed0-c55b-450e-9ff9-fb3a4b20fd12}" />
	<object class="Timeline" id="{33d1a242-68fc-41ca-bdfe-46a413f339c1}">
		<property name="isProxyEnabled">
			<value>false</value>
		</property>
	</object>
	<object class="ActionSheet" id="{0d10dc8f-ba91-43aa-a3fc-b90d9a83df2a}">
		<relationship name="modules">
			<destination>{40d6b740-72cd-4790-b3c1-5f106c15db39}</destination>
		</relationship>
	</object>
	<object class="EventMixerMaster" id="{803af90f-9356-4d43-a3b6-7a930e8eee53}">
		<relationship name="effectChain">
			<destination>{1a149fdd-de52-463a-a1da-1826d852cb91}</destination>
		</relationship>
		<relationship name="panner">
			<destination>{8664c996-3feb-4b68-bcfb-c94dcc47b443}</destination>
		</relationship>
		<relationship name="mixer">
			<destination>{ec10cff6-012b-4331-b695-b5e3d23235d9}</destination>
		</relationship>
	</object>
	<object class="MultiSound" id="{40d6b740-72cd-4790-b3c1-5f106c15db39}">
		<relationship name="sounds">
			<destination>{9b54fb27-0bc7-4341-8334-896fe499d8ee}</destination>
		</relationship>
	</object>
	<object class="MixerBusEffectChain" id="{e5e29842-6ced-4abb-a71e-6adac04db840}">
		<relationship name="effects">
			<destination>{62694514-c6b0-4226-ae07-85720197af65}</destination>
		</relationship>
	</object>
	<object class="MixerBusPanner" id="{2666fee5-aff7-4d8b-9ee6-144f5d9e3c2f}" />
	<object class="MixerBusEffectChain" id="{1a149fdd-de52-463a-a1da-1826d852cb91}">
		<relationship name="effects">
			<destination>{a5bc9fef-1ffb-49d6-812d-0f568ba89b7f}</destination>
		</relationship>
	</object>
	<object class="MixerBusPanner" id="{8664c996-3feb-4b68-bcfb-c94dcc47b443}" />
	<object class="SingleSound" id="{9b54fb27-0bc7-4341-8334-896fe499d8ee}">
		<property name="name">
			<value>pegarpapel</value>
		</property>
		<relationship name="audioFile">
			<destination>{b07e773c-188c-4488-bd69-a10d2130d87d}</destination>
		</relationship>
	</object>
	<object class="MixerBusFader" id="{62694514-c6b0-4226-ae07-85720197af65}" />
	<object class="MixerBusFader" id="{a5bc9fef-1ffb-49d6-812d-0f568ba89b7f}" />
</objects>
