<?xml version="1.0" encoding="UTF-8"?>
<objects serializationModel="Studio.02.02.00">
	<object class="AudioFile" id="{28f7ee5f-45cf-4851-806d-a25fd474c955}">
		<property name="assetPath">
			<value>pegargarrafavidro.wav</value>
		</property>
		<property name="frequencyInKHz">
			<value>96</value>
		</property>
		<property name="channelCount">
			<value>2</value>
		</property>
		<property name="length">
			<value>1.396625</value>
		</property>
		<relationship name="masterAssetFolder">
			<destination>{5163e5e2-67e6-4c28-9df8-107bbed53112}</destination>
		</relationship>
	</object>
</objects>
