<?xml version="1.0" encoding="UTF-8"?>
<objects serializationModel="Studio.02.02.00">
	<object class="AudioFile" id="{2e172cac-e55a-4e3f-96bb-1bf4d314cf81}">
		<property name="assetPath">
			<value>sonmovimentoinventario.wav</value>
		</property>
		<property name="frequencyInKHz">
			<value>48</value>
		</property>
		<property name="channelCount">
			<value>2</value>
		</property>
		<property name="length">
			<value>0.31962499999999999</value>
		</property>
		<relationship name="masterAssetFolder">
			<destination>{5163e5e2-67e6-4c28-9df8-107bbed53112}</destination>
		</relationship>
	</object>
</objects>
