<?xml version="1.0" encoding="UTF-8"?>
<objects serializationModel="Studio.02.02.00">
	<object class="AudioFile" id="{f9e4df68-209c-443d-971f-5c602d1f5c3b}">
		<property name="assetPath">
			<value>tunnel/tunnel.wav</value>
		</property>
		<property name="isStreaming">
			<value>true</value>
		</property>
		<property name="frequencyInKHz">
			<value>44.0999985</value>
		</property>
		<property name="channelCount">
			<value>2</value>
		</property>
		<property name="length">
			<value>48.167528344671204</value>
		</property>
		<relationship name="masterAssetFolder">
			<destination>{5163e5e2-67e6-4c28-9df8-107bbed53112}</destination>
		</relationship>
	</object>
</objects>
