<?xml version="1.0" encoding="UTF-8"?>
<objects serializationModel="Studio.02.02.00">
	<object class="AudioFile" id="{b07e773c-188c-4488-bd69-a10d2130d87d}">
		<property name="assetPath">
			<value>papel.wav</value>
		</property>
		<property name="frequencyInKHz">
			<value>44.0999985</value>
		</property>
		<property name="channelCount">
			<value>2</value>
		</property>
		<property name="length">
			<value>2.8096145124716552</value>
		</property>
		<relationship name="masterAssetFolder">
			<destination>{5163e5e2-67e6-4c28-9df8-107bbed53112}</destination>
		</relationship>
	</object>
</objects>
